Dataset,Rows,OriginalDim,SelectedDim,SelectedColumns
SSD,8926,1,1,0
BC,99999,1,1,0
PI,14825,1,1,0
WS,100000,1,1,0
CT,581012,10,3,1;6;8
Crop,24000,46,20,15;16;17;18;19;20;21;22;23;24;25;26;27;28;29;30;31;32;33;34
Gas,13910,64,48,0;2;3;5;6;8;10;11;13;14;16;17;18;19;21;22;24;26;27;29;32;34;35;37;38;40;41;42;43;44;45;46;47;48;49;50;51;52;53;54;56;57;58;59;60;61;62;63
BT,583250,77,49,0;1;2;3;4;5;6;7;8;9;10;11;12;13;14;15;16;17;18;19;20;28;29;30;31;32;33;34;35;36;37;38;39;40;41;56;57;58;59;60;61;62;70;71;72;73;74;75;76
Musk,6598,166,111,1;2;3;6;7;8;9;10;11;13;14;16;18;19;20;21;22;23;24;25;26;27;29;32;33;34;37;38;39;40;43;44;45;47;48;49;50;51;52;53;54;55;56;59;60;63;64;70;71;72;73;74;76;77;78;79;80;81;82;84;85;88;89;92;97;98;99;100;102;103;104;105;107;108;109;110;111;112;113;114;115;116;117;118;119;120;121;122;126;127;128;129;134;135;136;137;138;139;140;141;142;143;147;148;149;150;151;152;153;155;158
